[
  {
    "canonical": "The First Hospital of China Medical University, China",
    "members": [
      "Department of Cardiology, The First Hospital of China Medical University, Shenyang, Liaoning Province, China."
    ]
  },
  {
    "canonical": "UT Health San Antonio, USA",
    "members": [
      "Department of Cardiology, UT Health San Antonio, San Antonio, Texas, USA."
    ]
  },
  {
    "canonical": "Westchester Medical Center Network, USA",
    "members": [
      "Department of Cardiology, Westchester Medical Center Network Advanced Physician Services, New York, NY 12601, United States."
    ]
  },
  {
    "canonical": "University of Gothenburg, Sweden",
    "members": [
      "Department of Cardiothoracic Surgery, The University of Göteborg, Gothenburg, Sweden."
    ]
  },
  {
    "canonical": "University of Kansas Medical Center, USA",
    "members": [
      "Department of Cardiovascular Diseases, University of Kansas Medical Center, Kansas City, Kansas, USA."
    ]
  },
  {
    "canonical": "Beaumont Health, USA",
    "members": [
      "Department of Cardiovascular Health and Disease, Beaumont Health Royal Oak, Royal Oak, Michigan, USA.",
      "Department of Cardiovascular Medicine, Beaumont Hospital, Oakland University William Beaumont School of Medicine, Royal Oak, Michigan, USA."
    ]
  },
  {
    "canonical": "Sutter Gould Medical Foundation, USA",
    "members": [
      "Department of Cardiovascular Health and Disease, Sutter Gould Medical Foundation, Tracy, California, USA."
    ]
  },
  {
    "canonical": "University of Cincinnati, USA",
    "members": [
      "Department of Cardiovascular Health and Disease, University of Cincinnati, Cincinnati, Ohio, USA."
    ]
  },
  {
    "canonical": "Cleveland Clinic, USA",
    "members": [
      "Department of Cardiovascular Medicine, Cleveland Clinic, Cleveland, OH, United States of America.",
      "Department of Cardiovascular Medicine, Heart, Vascular and Thoracic Institute, Cleveland Clinic, Cleveland, OH, United States of America.",
      "Department of Cardiovascular Medicine, Heart, Vascular and Thoracic Institute, Cleveland Clinic, Cleveland, OH, United States of America. Electronic address: kalraa@ccf.org."
    ]
  },
  {
    "canonical": "Columbia University, USA",
    "members": [
      "Department of Cardiovascular Medicine, Columbia University, New York, NY, United States of America."
    ]
  },
  {
    "canonical": "Henry Ford Hospital, USA",
    "members": [
      "Department of Cardiovascular Medicine, Henry Ford Hospital, Detroit, MI, United States of America."
    ]
  },
  {
    "canonical": "Mayo Clinic, USA",
    "members": [
      "Department of Cardiovascular Medicine, Mayo Clinic College of Medicine and Science, 200 First Street SW, Rochester, MN, 55905, USA.",
      "Department of Cardiovascular Medicine, Mayo Clinic College of Medicine and Science, 200 First Street SW, Rochester, MN, 55905, USA. Deshmukh.abhishek@mayo.edu."
    ]
  },
  {
    "canonical": "East Carolina University, USA",
    "members": [
      "Department of Cardiovascular Sciences, Brody School of Medicine, East Carolina University Health, Greenville, NC, USA.",
      "Department of Cardiovascular Sciences, Brody School of Medicine, East Carolina University Health, Greenville, NC, USA. Electronic address: https://twitter.com/JCatanzaroMD."
    ]
  },
  {
    "canonical": "Jagiellonian University Medical College, Poland",
    "members": [
      "Department of Cardiovascular Surgery and Transplantology, Institute of Cardiology, Jagiellonian University Medical College, 31-008 Krakow, Poland."
    ]
  },
  {
    "canonical": "Saint Francis Medical Center, USA",
    "members": [
      "Department of Cardiovascular Surgery, Saint Francis Medical Center, Monroe, LA, United States of America."
    ]
  },
  {
    "canonical": "Liverpool School of Tropical Medicine, UK",
    "members": [
      "Department of Clinical Sciences, Liverpool School of Tropical Medicine, Liverpool, UK.",
      "Department of Clinical Sciences, Liverpool School of Tropical Medicine, Liverpool, UK. Electronic address: penelope.phillips-howard@lstmed.ac.uk."
    ]
  },
  {
    "canonical": "Harvard Medical School, USA",
    "members": [
      "Department of Dermatology, Harvard Medical School, Boston, Massachusetts, USA."
    ]
  },
  {
    "canonical": "Lahey Hospital & Medical Center, USA",
    "members": [
      "Department of Dermatology, Lahey Clinic, Burlington, Massachusetts, USA.",
      "Department of Dermatology, Lahey Hospital & Medical Center, Beth Israel Lahey System, Burlington, Massachusetts, USA."
    ]
  },
  {
    "canonical": "Massachusetts General Hospital, USA",
    "members": [
      "Department of Dermatology, Massachusetts General Hospital, Boston, Massachusetts, USA."
    ]
  },
  {
    "canonical": "MD Anderson Cancer Center, USA",
    "members": [
      "Department of Dermatology, The University of Texas, MD Anderson Cancer Center, Houston, Texas, USA.",
      "Department of Gastroenterology Hepatology and Nutrition, Division of Internal Medicine, The University of Texas MD Anderson Cancer Center, Houston, Texas, USA."
    ]
  },
  {
    "canonical": "UTHealth Houston, USA",
    "members": [
      "Department of Dermatology, UTHealth Houston, McGovern Medical School, Houston, Texas, USA."
    ]
  },
  {
    "canonical": "University Hospitals Cleveland Medical Center, USA",
    "members": [
      "Department of Dermatology, University Hospitals Cleveland Medical Center, Cleveland, OH, USA."
    ]
  },
  {
    "canonical": "University of California, Irvine (UCI), USA",
    "members": [
      "Department of Dermatology, University of California, Irvine, Irvine, California, USA."
    ]
  },
  {
    "canonical": "University of California, San Diego (UCSD), USA",
    "members": [
      "Department of Dermatology, University of California, San Diego School of Medicine, 9500 Gillman Drive, La Jolla 92093, California, USA.",
      "Department of Dermatology, University of California, San Diego School of Medicine, La Jolla, California, USA."
    ]
  },
  {
    "canonical": "Weill Cornell Medicine, USA",
    "members": [
      "Department of Dermatology, Weill Cornell Medicine, 1305 York Avenue, New York, NY, 10021, USA. shl9032@med.cornell.edu.",
      "Department of Dermatology, Weill Cornell Medicine, New York, NY, USA."
    ]
  },
  {
    "canonical": "University of Toulouse, France",
    "members": [
      "Department of Diabetology, University Hospital of Toulouse, University of Toulouse, Toulouse, France."
    ]
  },
  {
    "canonical": "New York-Presbyterian Medical Center/Columbia University Medical Center, USA",
    "members": [
      "Department of Digestive and Liver Diseases, New York-Presbyterian Medical Center/Columbia University Medical Center, New York, New York, USA."
    ]
  },
  {
    "canonical": "University of Illinois, Urbana-Champaign (UIUC), USA",
    "members": [
      "Department of Electrical and Computer Engineering, University of Illinois, Urbana, IL 61801, USA."
    ]
  },
  {
    "canonical": "University of Virginia, USA",
    "members": [
      "Department of Electrical and Computer Engineering, University of Virginia, Charlottesville, VA 22903, USA."
    ]
  },
  {
    "canonical": "Johns Hopkins University, USA",
    "members": [
      "Department of Emergency Medicine, Department of Anesthesia and Critical Care, Armstrong Institute for Patient Safety and Quality, Johns Hopkins University School of Medicine, Baltimore, Maryland, USA.",
      "Department of Gynecology and Obstetrics, Johns Hopkins University School of Medicine, Baltimore, MD, USA."
    ]
  },
  {
    "canonical": "VA Pittsburgh Healthcare System, USA",
    "members": [
      "Department of Endocrinology; VA Pittsburgh Healthcare System, Pittsburgh, Pennsylvania, USA."
    ]
  },
  {
    "canonical": "Queens University Belfast, UK",
    "members": [
      "Department of Fetal Medicine, Department of Obstetrics and Gynecology, Faculty of Medicine, Queens University Belfast (rtrd) and Chair Health and Life Sciences, Ulster University, York Street, Belfast, County Antrim, Belfast, Northern Ireland, BT15 1ED."
    ]
  },
  {
    "canonical": "University of Minnesota, Twin Cities (UMN Twin Cities), USA",
    "members": [
      "Department of Finance, Carlson School of Management, University of Minnesota, Minneapolis, MN, USA."
    ]
  },
  {
    "canonical": "University of Colorado School of Medicine, USA",
    "members": [
      "Department of GI, Tumor and Endocrine Surgery, The University of Colorado School of Medicine, Aurora, Colorado, USA."
    ]
  },
  {
    "canonical": "Aurora Health Care, USA",
    "members": [
      "Department of Gastroenterology & Hepatology, Aurora Healthcare, Milwaukee, Wisconsin, USA."
    ]
  },
  {
    "canonical": "University of New Mexico, USA",
    "members": [
      "Department of Gastroenterology & Hepatology, University of New Mexico, Albuquerque, New Mexico, USA.",
      "Department of Gastroenterology and Hepatology, University of New Mexico, Albuquerque, New Mexico, USA."
    ]
  },
  {
    "canonical": "University of Texas Southwestern (UT Southwestern), USA",
    "members": [
      "Department of Gastroenterology & Hepatology, University of Texas Southwestern, Dallas, Texas, USA."
    ]
  },
  {
    "canonical": "Baylor College of Medicine, USA",
    "members": [
      "Department of Gastroenterology and Hepatology, Baylor University, Houston, Texas, USA."
    ]
  },
  {
    "canonical": "Mayo Clinic, USA",
    "members": [
      "Department of Gastroenterology and Hepatology, Mayo Clinic, Rochester, Minnesota, USA.",
      "Department of Gastroenterology and Hepatology, Mayo Clinic, Scottsdale, Arizona, USA."
    ]
  },
  {
    "canonical": "University of Florida College of Medicine, USA",
    "members": [
      "Department of Gastroenterology and Hepatology, The University of Florida College of Medicine - Jacksonville, Jacksonville, Florida, USA."
    ]
  },
  {
    "canonical": "University of Illinois, Chicago (UIC), USA",
    "members": [
      "Department of Gastroenterology and Hepatology, University of Illinois - Chicago, Chicago, Illinois, USA."
    ]
  },
  {
    "canonical": "University of Missouri, USA",
    "members": [
      "Department of Gastroenterology and Hepatology, University of Missouri, Columbia, Missouri, USA."
    ]
  },
  {
    "canonical": "University of Utah Health, USA",
    "members": [
      "Department of Gastroenterology and Hepatology, University of Utah Health, Salt Lake City, Utah, USA."
    ]
  },
  {
    "canonical": "Baylor Scott & White Health, USA",
    "members": [
      "Department of Gastroenterology, Baylor Scott & White Health, Lakeway, Texas, USA."
    ]
  },
  {
    "canonical": "East Carolina University, USA",
    "members": [
      "Department of Gastroenterology, East Carolina University/Brody School of Medicine, Greenville, NC, USA."
    ]
  },
  {
    "canonical": "CUB Erasme Hospital, Université Libre de Bruxelles (ULB), Belgium",
    "members": [
      "Department of Gastroenterology, Hepatopancreatology, and Digestive Oncology, CUB Erasme Hospital, Université Libre de Bruxelles (ULB), Brussels, Belgium."
    ]
  },
  {
    "canonical": "California Pacific Medical Center, USA",
    "members": [
      "Department of Gastroenterology, Interventional Endoscopy Services, California Pacific Medical Center, San Francisco, California, USA."
    ]
  },
  {
    "canonical": "University of Pennsylvania, USA",
    "members": [
      "Department of Gastroenterology, University of Pennsylvania, Philadelphia, Pennsylvania, USA."
    ]
  },
  {
    "canonical": "Zucker School of Medicine at Hofstra/Northwell, USA",
    "members": [
      "Department of Gastroenterology, Zucker School of Medicine at Hofstra/Northwell, Long Island Jewish Medical Center, New Hyde Park, New York, USA.",
      "Department of Gastroenterology, Mather Hospital/Hofstra University Zucker School of Medicine, Port Jefferson, NY, USA."
    ]
  },
  {
    "canonical": "Allegheny General Hospital, USA",
    "members": [
      "Department of General Surgery, Allegheny General Hospital, Pittsburgh, Pa, USA."
    ]
  },
  {
    "canonical": "Bronovo Hospital, The Netherlands",
    "members": [
      "Department of Gynecology, Bronovo Hospital, PO Box 96900, 2509 JH, The Hague, The Netherlands."
    ]
  },
  {
    "canonical": "Leiden University Medical Center, The Netherlands",
    "members": [
      "Department of Gynecology, Leiden University Medical Center, Leiden, the Netherlands.",
      "Department of Gynecology, Leiden University Medical Center, Leiden, the Netherlands. Electronic address: f.w.jansen@lumc.nl.",
      "Department of Gynecology, Leiden University Medical Centre, PO Box 9600, 2300 RC, Leiden, The Netherlands. f.w.jansen@lumc.nl.",
      "Department of Gynecology, Leiden University Medical Centre, PO Box 9600, 2300 RC, Leiden, The Netherlands. l.van_den_haak@lumc.nl."
    ]
  },
  {
    "canonical": "Radboud University Medical Centre, The Netherlands",
    "members": [
      "Department of Gynecology, Radboud University Medical Centre, PO Box 9101, 6500 HB, Nijmegen, The Netherlands."
    ]
  },
  {
    "canonical": "Sint Lucas Andreas Ziekenhuis, The Netherlands",
    "members": [
      "Department of Gynecology, Sint Lucas Andreas Ziekenhuis, Amsterdam, The Netherlands."
    ]
  },
  {
    "canonical": "Auburn University, USA",
    "members": [
      "Department of Health Outcomes Research and Policy, Harrison College of Pharmacy, Auburn University, Auburn, AL, United States."
    ]
  },
  {
    "canonical": "Yale University, USA",
    "members": [
      "Department of Health Policy and Management, Yale School of Public Health, New Haven, Connecticut, USA."
    ]
  },
  {
    "canonical": "University of Nebraska Medical Center, USA",
    "members": [
      "Department of Health Services Research, Administration and Policy, University of Nebraska Medical Center, Omaha, Neb, USA."
    ]
  }
]